customer_id,customer_name,location
201,John Doe,New York
202,Jane Smith,California
203,Bob Johnson,Texas
204,Alice Williams,Florida
205,Michael Johnson,Texas
206,Emily Brown,California
207,Matthew Martinez,New York
208,Sophia Taylor,Florida
209,James Anderson,Texas
210,Olivia Thomas,California
211,William Hernandez,New York
212,Isabella Moore,Florida
213,John Wilson,Texas
214,Ava Garcia,California
215,Daniel Rodriguez,New York
216,Mia Martinez,Florida
217,David Lopez,Texas
218,Charlotte Gonzalez,California
219,Joseph Lee,New York
220,Amelia Perez,Florida
221,Mason Smith,Texas
222,Harper Lewis,California
223,Samuel Clark,New York
224,Ella Walker,Florida
225,Benjamin Hall,Texas
226,Evelyn Young,California
227,Christopher King,New York
228,Avery Wright,Florida
229,Victoria Adams,Texas
230,Dylan Scott,California
231,Samantha Green,New York
232,Nicholas Baker,Florida
233,Aria Hill,Texas
234,Grace Allen,California
235,Jacob Gonzalez,New York
236,Lily Nelson,Florida
237,Madison Carter,Texas
238,Ethan Brooks,California
239,Sofia Mitchell,New York
240,Logan Perez,Florida
241,Isabella Carter,Texas
242,Mia Turner,California
243,Mason Phillips,New York
244,Harper Sanchez,Florida
245,Oliver Davis,Texas
246,Emily Foster,California
247,Lucas Murphy,New York
248,Emma Gray,Florida
249,Aiden Rivera,Texas
250,Avery Howard,California
251,Scarlett Hayes,New York
252,Levi Cook,Florida
253,Zoey Bennett,Texas
254,Jack Reed,California
255,Chloe Ward,New York
256,Lincoln Cooper,Florida
257,Ellie Long,Texas
258,Caleb Rivera,California
259,Hannah Torres,New York
260,Landon Collins,Florida
261,Addison Diaz,Texas
262,Grayson Morris,California
263,Lillian Richardson,New York
264,Matthew Hughes,Florida
265,Aubrey Washington,Texas
266,Connor Perry,California
267,Eleanor Bailey,New York
268,Daniel Ramirez,Florida
269,Aurora Evans,Texas
270,Wyatt Coleman,California
271,Bella James,New York
272,Christopher Ross,Florida
273,Paisley Reed,Texas
274,Owen Wood,California
275,Eli Roberts,New York
276,Stella Price,Florida
277,Maxwell Sanders,Texas
278,Eva Bell,California
279,Sebastian Henderson,New York
280,Nova Fisher,Florida
281,Theodore Murphy,Texas
282,Delilah Hamilton,California
283,Andrew Bryant,New York
284,Ariana Wagner,Florida
285,Jaxon Kelly,Texas
286,Hazel Silva,California
287,Lincoln Griffin,New York
288,Clara Olson,Florida
289,Christian Ramirez,Texas
290,Lucy Crawford,California
291,Gabriel Tucker,New York
292,Audrey Sims,Florida
293,Liam Weber,Texas
294,Violet Hanson,California
295,Alexander Hubbard,New York
296,Penelope French,Florida
297,Mila Lynch,Texas
298,Leo Frost,California
299,Elizabeth Terry,New York
300,Michaela Estes,Florida
